Project,FCID,Lane,Index,SM_Tag,File_Name,Cell line name,Treatment,Repeat number
RNAseqJQ1_fzamune1@jhmi.edu_144134,HGFCGBCX2,1,GAGATTCC~GTACTGAC,O47_DMSO_1_FZ1_4,HGFCGBCX2_1_GAGATTCC~GTACTGAC,O47,DMSO (non-treatment control),1
RNAseqJQ1_fzamune1@jhmi.edu_144134,HGFCGBCX2,2,GAGATTCC~GTACTGAC,O47_DMSO_1_FZ1_4,HGFCGBCX2_2_GAGATTCC~GTACTGAC,O47,DMSO (non-treatment control),1
RNAseqJQ1_fzamune1@jhmi.edu_144134,HGFCGBCX2,1,TCCGCGAA~GTACTGAC,O47_DMSO_2_FZ1_10,HGFCGBCX2_1_TCCGCGAA~GTACTGAC,O47,DMSO (non-treatment control),2
RNAseqJQ1_fzamune1@jhmi.edu_144134,HGFCGBCX2,2,TCCGCGAA~GTACTGAC,O47_DMSO_2_FZ1_10,HGFCGBCX2_2_TCCGCGAA~GTACTGAC,O47,DMSO (non-treatment control),2
RNAseqJQ1_fzamune1@jhmi.edu_144134,HGFCGBCX2,1,TCTCGCGC~GTACTGAC,O47_DMSO_3_FZ1_11,HGFCGBCX2_1_TCTCGCGC~GTACTGAC,O47,DMSO (non-treatment control),3
RNAseqJQ1_fzamune1@jhmi.edu_144134,HGFCGBCX2,2,TCTCGCGC~GTACTGAC,O47_DMSO_3_FZ1_11,HGFCGBCX2_2_TCTCGCGC~GTACTGAC,O47,DMSO (non-treatment control),3
RNAseqJQ1_fzamune1@jhmi.edu_144134,HGFCGBCX2,1,ATTCAGAA~GTACTGAC,O47_JQ1_1_FZ1_5,HGFCGBCX2_1_ATTCAGAA~GTACTGAC,O47,JQ1 (the treatment),1
RNAseqJQ1_fzamune1@jhmi.edu_144134,HGFCGBCX2,2,ATTCAGAA~GTACTGAC,O47_JQ1_1_FZ1_5,HGFCGBCX2_2_ATTCAGAA~GTACTGAC,O47,JQ1 (the treatment),1
RNAseqJQ1_fzamune1@jhmi.edu_144134,HGFCGBCX2,1,GAATTCGT~GTACTGAC,O47_JQ1_2_FZ1_6,HGFCGBCX2_1_GAATTCGT~GTACTGAC,O47,JQ1 (the treatment),2
RNAseqJQ1_fzamune1@jhmi.edu_144134,HGFCGBCX2,2,GAATTCGT~GTACTGAC,O47_JQ1_2_FZ1_6,HGFCGBCX2_2_GAATTCGT~GTACTGAC,O47,JQ1 (the treatment),2
RNAseqJQ1_fzamune1@jhmi.edu_144134,HGFCGBCX2,1,AGCGATAG~GTACTGAC,O47_JQ1_3_FZ1_12,HGFCGBCX2_1_AGCGATAG~GTACTGAC,O47,JQ1 (the treatment),3
RNAseqJQ1_fzamune1@jhmi.edu_144134,HGFCGBCX2,2,AGCGATAG~GTACTGAC,O47_JQ1_3_FZ1_12,HGFCGBCX2_2_AGCGATAG~GTACTGAC,O47,JQ1 (the treatment),3
RNAseqJQ1_fzamune1@jhmi.edu_144134,HGFCGBCX2,1,ATTACTCG~GTACTGAC,O90_DMSO_1_FZ1_1,HGFCGBCX2_1_ATTACTCG~GTACTGAC,O90,DMSO (non-treatment control),1
RNAseqJQ1_fzamune1@jhmi.edu_144134,HGFCGBCX2,2,ATTACTCG~GTACTGAC,O90_DMSO_1_FZ1_1,HGFCGBCX2_2_ATTACTCG~GTACTGAC,O90,DMSO (non-treatment control),1
RNAseqJQ1_fzamune1@jhmi.edu_144134,HGFCGBCX2,1,TCCGGAGA~GTACTGAC,O90_DMSO_2_FZ1_2,HGFCGBCX2_1_TCCGGAGA~GTACTGAC,O90,DMSO (non-treatment control),2
RNAseqJQ1_fzamune1@jhmi.edu_144134,HGFCGBCX2,2,TCCGGAGA~GTACTGAC,O90_DMSO_2_FZ1_2,HGFCGBCX2_2_TCCGGAGA~GTACTGAC,O90,DMSO (non-treatment control),2
RNAseqJQ1_fzamune1@jhmi.edu_144134,HGFCGBCX2,1,CTGAAGCT~GTACTGAC,O90_DMSO_3_FZ1_7,HGFCGBCX2_1_CTGAAGCT~GTACTGAC,O90,DMSO (non-treatment control),3
RNAseqJQ1_fzamune1@jhmi.edu_144134,HGFCGBCX2,2,CTGAAGCT~GTACTGAC,O90_DMSO_3_FZ1_7,HGFCGBCX2_2_CTGAAGCT~GTACTGAC,O90,DMSO (non-treatment control),3
RNAseqJQ1_fzamune1@jhmi.edu_144134,HGFCGBCX2,1,TAATGCGC~GTACTGAC,O90_JQ1_1_FZ1_8,HGFCGBCX2_1_TAATGCGC~GTACTGAC,O90,JQ1 (the treatment),1
RNAseqJQ1_fzamune1@jhmi.edu_144134,HGFCGBCX2,2,TAATGCGC~GTACTGAC,O90_JQ1_1_FZ1_8,HGFCGBCX2_2_TAATGCGC~GTACTGAC,O90,JQ1 (the treatment),1
RNAseqJQ1_fzamune1@jhmi.edu_144134,HGFCGBCX2,1,CGCTCATT~GTACTGAC,O90_JQ1_2_FZ1_3,HGFCGBCX2_1_CGCTCATT~GTACTGAC,O90,JQ1 (the treatment),2
RNAseqJQ1_fzamune1@jhmi.edu_144134,HGFCGBCX2,2,CGCTCATT~GTACTGAC,O90_JQ1_2_FZ1_3,HGFCGBCX2_2_CGCTCATT~GTACTGAC,O90,JQ1 (the treatment),2
RNAseqJQ1_fzamune1@jhmi.edu_144134,HGFCGBCX2,1,CGGCTATG~GTACTGAC,O90_JQ1_3_FZ1_9,HGFCGBCX2_1_CGGCTATG~GTACTGAC,O90,JQ1 (the treatment),3
RNAseqJQ1_fzamune1@jhmi.edu_144134,HGFCGBCX2,2,CGGCTATG~GTACTGAC,O90_JQ1_3_FZ1_9,HGFCGBCX2_2_CGGCTATG~GTACTGAC,O90,JQ1 (the treatment),3
